Idées,Description,Listes des amendements,En faveur ,Mots recherchés ou Notes
lourdeurs administratives = simplifier les procédures administratives,réduire les démarches bureaucratiques complexes et chronophages,AMANR5L16PO791932BTC2600P0D1N004433.json,OUI,Simplification administrative qui sert à lutter contre le gel sans produit ou gaz
lourdeurs administratives = simplifier les procédures administratives,réduire les démarches bureaucratiques complexes et chronophages,AMANR5L16PO419610B2436P0D1N002108.json,OUI,Je ne sais pas si c'est bien ou pas
lourdeurs administratives = simplifier les procédures administratives,réduire les démarches bureaucratiques complexes et chronophages,AMANR5L16PO791932BTC2600P0D1N004493.json,OUI,Je ne sais pas si c'est bien ou pas : départ à la retraite
lourdeurs administratives = simplifier les procédures administratives,réduire les démarches bureaucratiques complexes et chronophages,AMANR5L16PO791932BTC2600P0D1N002932.json,OUI,Je ne sais pas si c'est bien ou pas
lourdeurs administratives = simplifier les procédures administratives,réduire les démarches bureaucratiques complexes et chronophages,AMANR5L16PO791932BTC2600P0D1N003697.json,OUI,"Demande de simplification sans justification, beaucoup de copier coller"
lourdeurs administratives = simplifier les procédures administratives,réduire les démarches bureaucratiques complexes et chronophages,AMANR5L16PO791932BTC2600P0D1N002633.json,OUI,"Demande de simplification sans justification, beaucoup de copier coller"
lourdeurs administratives = simplifier les procédures administratives,réduire les démarches bureaucratiques complexes et chronophages,AMANR5L16PO791932BTC2600P0D1N002573.json,OUI,"Demande de simplification sans justification, beaucoup de copier coller"
lourdeurs administratives = simplifier les procédures administratives,réduire les démarches bureaucratiques complexes et chronophages,AMANR5L16PO791932BTC2600P0D1N003713.json,OUI,"Demande de simplification sans justification, beaucoup de copier coller"
lourdeurs administratives = simplifier les procédures administratives,réduire les démarches bureaucratiques complexes et chronophages,AMANR5L16PO791932BTC2600P0D1N004824.json,OUI,"Demande de simplification sans justification, beaucoup de copier coller"
lourdeurs administratives = simplifier les procédures administratives,réduire les démarches bureaucratiques complexes et chronophages,AMANR5L16PO791932BTC2600P0D1N000855.json,OUI,"Ca c'est clairement ""mal"""
lourdeurs administratives = simplifier les procédures administratives,réduire les démarches bureaucratiques complexes et chronophages,AMANR5L16PO791932BTC2600P0D1N005180.json,OUI,"Ca c'est clairement ""mal"""
lourdeurs administratives = simplifier les procédures administratives,réduire les démarches bureaucratiques complexes et chronophages,AMANR5L16PO791932BTC2600P0D1N002689.json,OUI,"Ca c'est clairement ""mal"""
lourdeurs administratives = simplifier les procédures administratives,réduire les démarches bureaucratiques complexes et chronophages,AMANR5L16PO791932BTC2600P0D1N002656.json,OUI,"Ca c'est clairement ""mal"""
lourdeurs administratives = simplifier les procédures administratives,réduire les démarches bureaucratiques complexes et chronophages,AMANR5L16PO791932BTC2600P0D1N003702.json,OUI,pas forcément mauvais
lourdeurs administratives = simplifier les procédures administratives,réduire les démarches bureaucratiques complexes et chronophages,AMANR5L16PO419610B2436P0D1N000907.json,OUI,
lourdeurs administratives = simplifier les procédures administratives,réduire les démarches bureaucratiques complexes et chronophages,AMANR5L16PO419610B2436P0D1N000722.json,OUI,
lourdeurs administratives = simplifier les procédures administratives,réduire les démarches bureaucratiques complexes et chronophages,AMANR5L16PO419604B2436P0D1N000167.json,NON,Vise à mieux former les agriculteurs aux outils administratifs
lourdeurs administratives = simplifier les procédures administratives,réduire les démarches bureaucratiques complexes et chronophages,AMANR5L16PO419865B2436P0D1N000441.json,NON,Propose de simplifier les démarches administratives en.... démentelant les méga bassines !
lourdeurs administratives = simplifier les procédures administratives,réduire les démarches bureaucratiques complexes et chronophages,AMANR5L16PO419610B2436P0D1N000148.json,NON,parle de complexité administrative mais pas forcément pour la blâmer
lourdeurs administratives = simplifier les procédures administratives,réduire les démarches bureaucratiques complexes et chronophages,AMANR5L16PO419610B2436P0D1N002200.json,NON,parle de complexité administrative mais pas forcément pour la blâmer
lourdeurs administratives = simplifier les procédures administratives,réduire les démarches bureaucratiques complexes et chronophages,AMANR5L16PO419610B2436P0D1N000162.json,NON,parle de complexité administrative mais pas forcément pour la blâmer
lourdeurs administratives = simplifier les procédures administratives,réduire les démarches bureaucratiques complexes et chronophages,AMANR5L16PO791932BTC2600P0D1N002212.json,NON,parle de complexité administrative mais pas forcément pour la blâmer
lourdeurs administratives = simplifier les procédures administratives,réduire les démarches bureaucratiques complexes et chronophages,AMANR5L16PO791932BTC2600P0D1N002571.json,NON,parle de complexité administrative mais pas forcément pour la blâmer
lourdeurs administratives = simplifier les procédures administratives,réduire les démarches bureaucratiques complexes et chronophages,AMANR5L16PO791932BTC2600P0D1N004630.json,NON,Simplification administrative qui sert justement à ne pas utiliser de produit phytosanitaires