IDEES,DESCRIPTION,NOM_AMENDEMENT,EXPOSE_SOMMAIRE,LABEL
simplification des démarches administratives,"réduire les réglementations environnementales et sanitaires. Simplifier les démarches administratives, démarches bureaucratiques chronophages qui sont des freins qui entravent le quotidien des agriculteurs",AMANR5L16PO419610B2436P0D1N001896,"Dans l’optique de renforcer l’efficacité du guichet unique et l’accompagnement des cédants et afin de rendre incontournable le dispositif France Services Agriculture pour tous les acteurs, il est proposé que l’attestation de passage à FSA constitue une pièce obligatoire du dossier de demande de retraite. 
Le parcours ainsi établi a fait l’objet d’un consensus à l’issue des concertations, régionales et nationale, menées en 2022-2023, et des recommandations du Conseil économique, social et environnemental. Cet accompagnement permet de répondre aux objectifs d’intérêt général de la
 politique agricole énoncés à l’article L. 1 du code rural et de la pêche",non
simplification des démarches administratives,"réduire les réglementations environnementales et sanitaires. Simplifier les démarches administratives, démarches bureaucratiques chronophages qui sont des freins qui entravent le quotidien des agriculteurs",AMANR5L16PO419610B2436P0D1N001540,"Cet article a pour but de réhausser les seuils de la nomenclature IOTA pour la protection et la consolidation des berges par des techniques autres que végétales vivantes. 
Un des objectifs du gouvernement, retranscrit dans le pacte en faveur de la haie, est la simplification des règlementations autour des haies. 
De plus, le gouvernement, dans ce même document, énonce qu’”une vision dynamique de l’évolution du linéaire de haie est nécessaire”. 
Ainsi, le rehaussement des seuils vise à répondre aux exigences du Pacte en faveur de la haie.",non
simplification des démarches administratives,"réduire les réglementations environnementales et sanitaires. Simplifier les démarches administratives, démarches bureaucratiques chronophages qui sont des freins qui entravent le quotidien des agriculteurs",AMANR5L16PO419610B2436P0D1N001964,"Cet amendement propose de mettre fin à la déforestation importée, en posant le principe général d’une interdiction complète de l’importation de produits dont la production a participé à de la déforestation.
De nombreux produits importés en France, comme le soja, le cacao ou encore l’huile de palme, sont responsables d’une déforestation majeure, dans des pays comme le Brésil, l’Indonésie ou la côte d’Ivoire. La forêt amazonienne a perdu 79 millions d’hectares entre 1970 et 2018, et la rapidité de cette déforestation ne cesse d’augmenter. Les cultures de Soja OGM au brésil ont augmenté de plus d’1,6 millions d’hectares par an entre 2011 et 2022.
Cette situation, non seulement nuit gravement à la planète, mais met en concurrence les cultivateurs du monde entier, en ne bénéficiant à la fin qu’aux multinationales : les paysans brésiliens ou indonésiens sont expropriés, pour laisser place à l’agro industrie, et les paysans français ne peuvent plus vendre leur soja, quand le soja OGM au Brésil vient casser les prix du marché.
Cette situation n’est cependant pas immuable. Le soja brésilien, par exemple, est majoritairement utilisé pour nourrir les bovins. Mais il est possible de se passer de tourteaux pour nourrir les vaches laitières, en produisant du lait tout herbe. De la même manière, il est tout à fait possible de stimuler la filière du soja français, non-OGM. Par ailleurs, l’interdiction de produits alimentaires contenant de l’huile de palme est également possible, et son interdiction dans le diesel a déjà été prise par la France.
Certes, en 2023, le règlement européen relatif à la déforestation a permis, pour une liste de produits (café, cacao, caoutchouc, huile de palme, soja, bœuf et bois, ainsi que leurs produits dérivés comme le cuir, le charbon de bois, le papier imprimé), d’interdire à partir de fin 2024 la mise sur le marché ou l’exportation depuis le marché européen de produits qui auraient contribué à la déforestation ou à la dégradation des forêts après le 31 décembre 2020, mais il convient d’en poser également le principe général en droit français afin d’aller plus loin en élargissant le champ des produits couverts et des écosystèmes à protéger.",non
simplification des démarches administratives,"réduire les réglementations environnementales et sanitaires. Simplifier les démarches administratives, démarches bureaucratiques chronophages qui sont des freins qui entravent le quotidien des agriculteurs",AMANR5L16PO419610B2436P0D1N001182,"L’article 9 du présent projet de loi établit les principes, objectifs et le fonctionnement du diagnostic modulaire qui sera mis en œuvre progressivement au plus tard en 2026.
Or, le diagnostic modulaire, tel qu’il a été pensé lors des concertations portant sur le pacte et la loi et d’orientation et d’avenir agricoles (PLOAA) et consacré par le pacte d’orientation pour le renouvellement des générations en agriculture, diffère dans sa rédaction et dans son esprit avec les dispositions de l’article 9 du présent projet de loi. En effet, la mise en place d’un diagnostic modulaire doit viser concrètement à délivrer une analyse à 360° permettant de projeter une exploitation vers l’avenir par sa capacité à résister au changement climatique et à être reprise par un jeune lors de la cession.
Cet amendement vise ainsi à reformuler le contenu et l’architecture globale du diagnostic modulaire et à supprimer le module d’évaluation de la qualité et de la santé des sols dans le corpus du diagnostic modulaire.
Ainsi, le contenu de diagnostic modulaire comportera notamment un module dit de stress-test climatique, un module d’évaluation économique de l’exploitation et un module consacré à l’aspect social du projet. Au-delà, il serait souhaitable que l’État travaille au déploiement d’autres modules comme par exemple une analyse de la performance de l’exploitation, une analyse des productions et leurs débouchés, des capacités de diversification de l’exploitation, mais aussi de ses capacités de restructuration, ainsi que de son environnement fiscal et social
En revanche, il ne paraît pas opportun de créer un diagnostic de la qualité et de la santé des sols notamment en raison de son impact potentiel sur le prix du foncier et de la création de contraintes nouvelles pour les exploitants. Le module dit de stress-test climatique pourrait toutefois inclure une analyse des sols en présence et de leur capacité de production à l’avenir.
Cet amendement est proposé en concertation avec la FNSEA et Jeunes agriculteurs.",oui
simplification des démarches administratives,"réduire les réglementations environnementales et sanitaires. Simplifier les démarches administratives, démarches bureaucratiques chronophages qui sont des freins qui entravent le quotidien des agriculteurs",AMANR5L16PO419865B2436P0D1N000757,"Cet amendement du groupe Socialistes et apparentés vise à soutenir les initiatives régionales de structuration de filières de légumineuses, dispositifs multi-acteurs innovants qui permettent aux acteurs de se coordonner et de gagner en efficacité dans le développement de la culture des légumineuses sur leur territoire.
La culture des légumineuses est un levier clé de la transition écologique du secteur agricole.
Elle permet ainsi de réduire l’usage des engrais azotés, grâce à la capacité naturelle des légumineuses à fixer l’azote de l’air dans le sol. Cela permet donc de réduire l’apport en engrais azotés, et donc d’éviter les émissions de protoxyde d’azote (N2O), gaz au pouvoir réchauffant 300 supérieur à celui du CO2, et représentant la moitié des émissions du secteur agricole.
De plus, planter des légumineuses en culture intermédiaire assure un couvert végétal permanent entre les cultures principales, pratique agroécologique aidant à la restauration des sols, en y augmentant l’activité biologique et le taux de matières organiques. Restaurer des sols dégradés permet ainsi d’augmenter la fertilité de ceux-ci, et d’améliorer les rendements.
La couverture permanente des sols permet aussi d’améliorer la stabilité structurale de ceux-ci et de lutter contre l’érosion. Dans un contexte de dérèglement climatique où les inondations vont se multiplier, la lutte contre l’érosion des terres agricoles est ainsi une mesure d’adaptation nécessaire.
Dans ce contexte, se sont créées dans plusieurs régions des projets de structuration de filières régionales de légumineuses, projets multi-acteurs portés soit par un consortium d’acteurs (PACALEG, en région PACA), soit par une association (FILEG en Occitanie), soit par la région (Protéi’NA en Nouvelle-Aquitaine). Il existe une dizaine de projets de ce type
 aujourd’hui.
Le but de ces initiatives est de permettre à tous les acteurs concernés d’une région donnée de s’organiser afin de gagner en efficacité dans le développement d’une filière agro-alimentaire de légumineuses.
Cela se traduit notamment par le développement de liens entre l’amont et l’aval, en permettant aux acteurs en lien avec les consommateurs (distributeurs, artisans…) de transmettre les attentes et besoins de la clientèle aux acteurs plus en amont (producteurs et transformateurs). Le lien est également créé entre la recherche et les producteurs, en construisant des programmes de recherche agronomique en collaboration avec ces derniers afin d’optimiser les techniques agricoles et optimiser les rendements.
La mutualisation des moyens et des intelligences permet aussi de faire des investissements stratégiques, afin par exemple d’acheter certains équipements nécessaires (récolte, stockage des légumineuses…), créer de nouveaux débouchés, en lien avec les acteurs locaux de l’agroalimentaire et de la restauration collective, élaborer une stratégie de sensibilisation et promotion des légumineuses auprès des consommateurs…Cette organisation permet aussi la conclusion de contrats de filière, afin de garantir aux producteurs des revenus stable.
Il est donc nécessaire que ces plans pluriannuels précisent le soutien de l’État à l’animation et la coordination de ces initiatives régionales œuvrant à la structuration de filières de légumineuses.
Cet amendement est issu d’une proposition de Déclic collectif.",non
simplification des démarches administratives,"réduire les réglementations environnementales et sanitaires. Simplifier les démarches administratives, démarches bureaucratiques chronophages qui sont des freins qui entravent le quotidien des agriculteurs",AMANR5L16PO419865B2436P0D1N000166,"Cet amendement vise à éviter la spéculation autour des coûts des diagnostics, qui pourrait entraver ou retarder les processus de transmission et d'installation des exploitations agricoles. En fixant des limites tarifaires, revues annuellement, nous assurons que les diagnostics restent accessibles pour tous les exploitants agricoles, indépendamment de leur situation financière. Il cherche à protéger les agriculteurs des fluctuations de prix potentielles qui pourraient les désavantager dans des moments critiques dans la transmission de l'exploitation. En établissant un cadre tarifaire clair et ajustable, cet amendement contribue directement à la facilitation des transmissions.",non
simplification des démarches administratives,"réduire les réglementations environnementales et sanitaires. Simplifier les démarches administratives, démarches bureaucratiques chronophages qui sont des freins qui entravent le quotidien des agriculteurs",AMANR5L16PO419610B2436P0D1N002761,"Face au déclin inquiétant du secteur de l’élevage en France et aux menaces qu’il fait peser sur la souveraineté agricole dans les productions animales, ainsi que sur les bénéfices sociaux, économiques, territoriaux et environnementaux qu’il engendre, il est impératif que le Gouvernement prenne des mesures concrètes, en mettant en œuvre un plan ambitieux de souveraineté de l’élevage en France.
Ce plan, dont la mise en œuvre est désormais urgente, doit inverser cette tendance néfaste en préservant le potentiel de production de ce secteur agricole crucial. 
Il est essentiel que ce plan soit conçu de manière à relever efficacement les multiples défis auxquels l’élevage est confronté, de la sécurité alimentaire à la vitalité économique des zones.",non
simplification des démarches administratives,"réduire les réglementations environnementales et sanitaires. Simplifier les démarches administratives, démarches bureaucratiques chronophages qui sont des freins qui entravent le quotidien des agriculteurs",AMANR5L16PO419610B2436P0D1N002990,"La garantie d’un revenu et de conditions de vie dignes pour les agriculteurs est une condition d’atteinte de la souveraineté alimentaire notamment en ce qu’elle garantissent l’attractivité du métier d’agriculteur. 
Cet amendement donne sa juste place à la problématique du revenu des agriculteurs, de leurs conditions de travail et de la répartition de la valeur dans les objectifs des politiques publiques concourant à la protection de la souveraineté alimentaire. Cet amendement a été travaillé avec le Collectif Nourrir.",non
simplification des démarches administratives,"réduire les réglementations environnementales et sanitaires. Simplifier les démarches administratives, démarches bureaucratiques chronophages qui sont des freins qui entravent le quotidien des agriculteurs",AMANR5L16PO419610B2436P0D1N003266,"De plus en plus de femmes souhaitent s’installer en agriculture. Cependant malgré cette évolution, un certain nombre d’entre elles continuent de se confronter à des freins liés à leur genre. Le point d’accueil devra ainsi veiller à lutter contre les discriminations afin de garantir à chaque personne qui le souhaite, de pouvoir être accompagnée dans son installation et à la pérennisation de son activité.",non
simplification des démarches administratives,"réduire les réglementations environnementales et sanitaires. Simplifier les démarches administratives, démarches bureaucratiques chronophages qui sont des freins qui entravent le quotidien des agriculteurs",AMANR5L16PO419610B2436P0D1N001742,"Cet amendement du groupe Socialistes et apparentés vise à garantir que le maintien des activités agricoles dans les zones humides fera l’objet d’une attention particulière, notamment dans le cadre de la transmission des exploitations agricoles situées dans ces milieux. Ainsi, par cet amendement, le conseil ou l’accompagnement fournis à ces exploitations prend en compte les particularités de ces milieux, et en particulier leurs services écosystémiques.
Les structures agréées du réseau « France services agriculture » prévues par l’article 10 doivent fournir aux porteurs de projet d’installation un conseil ou un accompagnement pour consolider la viabilité économique, environnementale et sociale de son projet, notamment au regard du changement climatique.
Ce conseil et cet accompagnement doivent prendre en considération les particularités qui affectent les exploitations situées en zone humide. Outre les services écosystémiques que ces milieux offrent au profit de l’ensemble du système agricole et leur contribution à la réduction des émissions de gaz à effet de serre, les zones humides participent directement à la production alimentaire, en accueillant pour certains d’entre eux des activités de culture, de maraîchage et d’élevage.
Les activités agricoles qui y sont exercées participent de leur entretien et sont donc essentielles au maintien des équilibres de ces milieux.
Pour autant, les exploitations situées dans les zones humides sont concernées au premier titre par les spécificités de ces milieux. En effet, les zones humides exposent les exploitations à des particularités en termes de sols et d’eau, qui peuvent affecter les rendements agricoles et engendrer des surcoûts d’exploitation et obérer, à termes, les perspectives de leur pérennité.",non
simplification des démarches administratives,"réduire les réglementations environnementales et sanitaires. Simplifier les démarches administratives, démarches bureaucratiques chronophages qui sont des freins qui entravent le quotidien des agriculteurs",AMANR5L16PO419610B2436P0D1N001057,"Le présent amendement prévoit d’ouvrir la possibilité pour les Safer de préempter des cessions partielles de parts de groupements fonciers agricoles d’investissement.
Cette nouvelle voie de préemption constituerait le corollaire d'un dispositif visant à préserver le foncier agricole et à contribuer au maintien de la surface agricole utile, difficilement tenu depuis 20 ans.
Cet amendement permet à la SAFER de préempter sur une cession partielle des parts de GFAI.",non
simplification des démarches administratives,"réduire les réglementations environnementales et sanitaires. Simplifier les démarches administratives, démarches bureaucratiques chronophages qui sont des freins qui entravent le quotidien des agriculteurs",AMANR5L16PO419865B2436P0D1N000605,"Cet amendement, issu de la proposition de loi du Sénat pour un choc de compétitivité en faveur de la Ferme France, vise à stimuler le recours aux projets territoriaux de gestion de l’eau (PTGE) afin de favoriser la concertation en amont sur les projets de stockage d’eau à des fins agricoles entre agriculteurs et associations environnementales. Ce conseil collectif et démocratique de gestion de la ressource en eau permettrait ainsi d’améliorer le consensus local sur ces sujets.",non
simplification des démarches administratives,"réduire les réglementations environnementales et sanitaires. Simplifier les démarches administratives, démarches bureaucratiques chronophages qui sont des freins qui entravent le quotidien des agriculteurs",AMANR5L16PO419610B2436P0D1N002274,"Cet amendement a pour objectif de permettre au preneur d’avoir une priorité d’achat en cas de cession de parts.
Le preneur en place bénéficie d’un droit de préemption des terres qu’il exploite dès lors que celles-ci sont en vente. Dans le cadre d’un GFAI l’aliénation porte davantage sur des parts que sur du foncier. Face à cette situation, le fermier ne dispose d’aucun moyen juridique d’avoir une priorité d’achat dans l’acquisition des parts du GFAI.
Cet amendement permet au preneur de bénéficier d’une priorité d’achat en cas de cession de parts de GFAI dans lequel il loue par bail rural des terres. Ainsi, la priorité n’est pas limitée aux associés participant à l’exploitation du foncier.
L’intérêt de mettre en place un droit de priorité pour le fermier en place est de lui offrir un moyen d’intégrer le GFAI.",non
simplification des démarches administratives,"réduire les réglementations environnementales et sanitaires. Simplifier les démarches administratives, démarches bureaucratiques chronophages qui sont des freins qui entravent le quotidien des agriculteurs",AMANR5L16PO419610B2436P0D1N002371,"Le projet de loi introduit dans le code rural un nouvel article L. 1 A propre aux orientations des politiques publiques associées à la protection de la souveraineté alimentaire. La rédaction proposée est toutefois défaillante et ne fait en particulier nulle référence aux implications commerciales, aux droits et aux revenus des agriculteurs. Le présent amendement tend en conséquence à inscrire la problématique de la répartition de la valeur, du revenu des agriculteurs et de leurs conditions de travail au cœur des enjeux de souveraineté.
Cet amendement s'inspire d'une proposition du collectif Nourrir.",non
simplification des démarches administratives,"réduire les réglementations environnementales et sanitaires. Simplifier les démarches administratives, démarches bureaucratiques chronophages qui sont des freins qui entravent le quotidien des agriculteurs",AMANR5L16PO419865B2436P0D1N000723,"Cet amendement du groupe Socialistes et apparentés vise à définir les principaux objectifs de la politique d’installation et de transmission en agriculture pour en affirmer clairement les priorités. 
La définition proposée par le Gouvernement n’est pas la hauteur des enjeux associés aux dix prochaines années. La souveraineté agricole ne doit pas guider nos politiques d’installation dans la mesure où elle est déconnectée des enjeux portant sur l’alimentation et remet en question la hiérarchie des usages de la biomasse agricole. Il est essentiel de concilier production et consommation pour établir une véritable souveraineté et de faire évoluer nos modèles de production l’être dans la durée face aux défis liés aux effets du changement climatique. Il faut assumer de façon claire la priorité donnée à l’installation aux modèles agroécologiques dont l’agriculture biologique.
Cette nouvelle définition permet de dégager plusieurs priorités indispensables pour établir une véritable souveraineté agricole et alimentaire en France :
- Contribuer à la souveraineté alimentaire mais aussi et de manière cohérente aux transitions
agroécologique et climatique dont il était fait mention dans les précédentes versions du projet de loi.
- Accroître la population active agricole.
- Promouvoir l’agroécologie dont l’agriculture biologique dans une logique d’opportunité au moment de l’installation qui est propice à la transition des modèles d’exploitation et des pratiques. 
Cet amendement a été travaillé en lien avec la FADEAR, la FNAB, le MIRAMAP, le RENETA, le Réseau CIVAM, SOL et Terre de Liens et le pôle Inpact.",non
simplification des démarches administratives,"réduire les réglementations environnementales et sanitaires. Simplifier les démarches administratives, démarches bureaucratiques chronophages qui sont des freins qui entravent le quotidien des agriculteurs",AMANR5L16PO419610B2436P0D1N002904,"L’enseignement et la formation professionnelle aux métiers de l’agriculture, de la forêt, de la nature et des territoires doivent contribuer aux synergies entre les territoires français et entre la France et ses partenaires de l'Union européenne. C'est ce que propose cet amendement.",non
simplification des démarches administratives,"réduire les réglementations environnementales et sanitaires. Simplifier les démarches administratives, démarches bureaucratiques chronophages qui sont des freins qui entravent le quotidien des agriculteurs",AMANR5L16PO419610B2436P0D1N002859,"Cet amendement du groupe Écologiste – NUPES vise à intégrer au projet des établissements publics et privés d’enseignement agricole la définition de leur politique interne de promotion de l’agriculture biologique. 
Le secteur de l’agriculture biologique représente 16 % de l’emploi agricole avec une dynamique en croissance pour atteindre l’objectif de 18 % de surfaces en agriculture biologique en 2027. Selon les régions, entre 30 % et 50 % des candidat·es souhaitent aujourd’hui s’installer en bio, avec donc un réel besoin de formation. Pourtant, les formations en bio ne représentent que 5 % de l’offre de formations production, transformation et commercialisation de l’enseignement agricole public, inégalement réparties selon les territoires et les cursus. 
Il y a un véritable enjeu et une urgence à renforcer la formation initiale et continue à l’agriculture biologique. Les objectifs de promotion de l’agriculture biologique devraient ainsi être intégrés aux projets des établissements d’enseignement agricole. 
Les projets d’établissement représentent un aboutissement du travail collectif des équipes pédagogique, administrative et technique, constituant une opportunité de se saisir des enjeux de promotion de l’agriculture biologique à l’échelle de l’établissement. 
Le présent amendement est issu d’une proposition de la Fédération nationale de l’agriculture biologique (FNAB).",non
simplification des démarches administratives,"réduire les réglementations environnementales et sanitaires. Simplifier les démarches administratives, démarches bureaucratiques chronophages qui sont des freins qui entravent le quotidien des agriculteurs",AMANR5L16PO419610B2436P0D1N002984,"Cet amendement a pour objectif de renommer l’intitulé du projet de loi en remplaçant la formule « renouvellement des générations », marquant l’un des objectifs du projet de loi, par celles
d’installation et de transmission.
Si le renouvellement des générations agricoles est certes essentiel pour notre pays, cette expression est trop limitative pour qualifier les objectifs que doit poser cette loi d’orientation agricole. En effet, pour atteindre la souveraineté alimentaire et les objectifs de transition écologique et climatique sur lesquels la France s’est engagée, le simple remplacement des agriculteurs en activité est insuffisant. La réorganisation des systèmes et des modes de production nécessite d’impulser une dynamique d’accroissement du nombre d’agriculteurs et d’agricultrices.
Il est donc nécessaire d’insister - dès le titre du projet de loi - sur les deux volets d’actions clés que sont l’installation et la transmission, pour soutenir et accompagner les transmissions et la création
d’activités, sans limiter d’emblée à un simple objectif de remplacement des agriculteurs prenant leur retraite.
Cet amendement est proposé par la FADEAR, la FNAB, le MIRAMAP, le RENETA, le Réseau CIVAM, SOL et Terre de Liens et le pôle Inpact. Aux côtés des chambres d’agriculture, les organisations membres de cette coalition représentent des acteurs diversifiés et complémentaires participant activement à la mise en œuvre des politiques et dispositifs d’accompagnement à l’installation-transmission sur les territoires. Les associations et réseaux paysans et citoyens d’accompagnement à l’installation-transmission accompagnent aujourd’hui plus de 10 000 candidats et 2 000 cédants par an, avec à la clé plus d’un tiers des installations annuelles.",non
simplification des démarches administratives,"réduire les réglementations environnementales et sanitaires. Simplifier les démarches administratives, démarches bureaucratiques chronophages qui sont des freins qui entravent le quotidien des agriculteurs",AMANR5L16PO419610B2436P0D1N002949,"Actuellement, l’article L 322‑8 du Code rural et de la pêche maritime régissant le GFA exige qu’en cas d’ « apport » immobilier, seule la pleine propriété puisse être apportée. De même, s’il s’agit d’un bien indivis, tous les indivisaires doivent apportés leurs droits afin que le GFA possède la totalité des droits sur l’immeuble. 
La doctrine étend cette obligation aux « acquisitions », considérant que le GFA n’est pas en mesure d’accomplir son objet légal, tel que défini à l’article L 322‑6 s’il ne détient les immeubles qu’en démembrement de propriété ou pour une quote-part indivise.
Cette solution mérite d’être transposée dans le texte législatif, l’article L. 322‑8 du Code rural et de la pêche maritime étant applicable, par renvoi de texte, au GFAI qui, innervé par une logique d’investissement, procèdera selon toute vraisemblance davantage par des acquisitions que par des apports.
Cet ajout du texte permettra en outre de sécuriser la pratique des actes.",non
simplification des démarches administratives,"réduire les réglementations environnementales et sanitaires. Simplifier les démarches administratives, démarches bureaucratiques chronophages qui sont des freins qui entravent le quotidien des agriculteurs",AMANR5L16PO419610B2436P0D1N000240,"Cet amendement du groupe Socialistes et apparentés vise à assurer un objectif chiffré de renouvellement des exploitants agricoles tout en préservant le caractère familial de l’agriculture, l’autonomie et la responsabilité individuelle de l’exploitant. 
Comme l’indique la Cour des Comptes dans un rapport rendu en avril 2023, 43% des exploitants agricoles sont âgés de plus de 55 ans, et 200 000 chefs d’exploitation atteindront l’âge d’ouverture des droits à la retraite. Dans le même temps, la proportion d’exploitants non remplacés n’entraînera pas nécessairement une baisse équivalente du nombre d’exploitants. Le dernier recensement agricole opéré en 2020 dénombrait 496 000 exploitants agricoles pour 389 000 exploitations. 
La population active agricole comporte - outre les exploitants - la main d’œuvre familiale permanente et les salariés non familiaux, permanents ou occasionnels. Le nombre de salariés permanents progresse, passant de 155 000 en 2010 à 170 000 en 2020, soit désormais davantage que les aides familiales (91 000). Le ratio des salariés permanents rapportés aux exploitants atteint plus de 25% aujourd’hui. Également, le volume de travail apporté par des prestataires augmente (+40% entre 2010 et 2020, soit 3,5% du volume de travail total en 2020). 
Selon la Cour des Comptes, les exploitations agricoles passeraient de 389 779 en 2020 à 292 592 en 2035, soit un taux de décroissance annuel moyen de 1,89 % d’ici 2035. La tendance à l’agrandissement se poursuivra, avec une baisse de 42 % des exploitations de moins de 20 ha. Les projections indiquent aussi une hausse de la part de la forme sociétaire qui passerait de 42 % à 60 % entre 2020 et 2040.
Or, aujourd’hui, la libéralisation du marché qui est à l’œuvre accélère l’accaparement des terres par l’usage et la propriété. Cela se traduit systématiquement par des simplifications culturales contraires à une diversité qui – avec l’équilibre entre élevages et cultures – est la règle d’or de l’agroécologie. Le partage de la terre entre une diversité d’exploitants agricoles doit en ce sens être préservée, pour ne pas condamner la perspective d’un renouvellement des générations et de l’accès qui se doit massif aux dix millions d’hectares qui vont se libérer.",non
simplification des démarches administratives,"réduire les réglementations environnementales et sanitaires. Simplifier les démarches administratives, démarches bureaucratiques chronophages qui sont des freins qui entravent le quotidien des agriculteurs",AMANR5L16PO419610B2436P0D1N003434,"Le présent amendement vise à permettre à divers acteurs d'intervenir auprès de l'État et des régions, dans le cadre du programme national d'orientation et de découverte des métiers de l'agriculture. Au regard de leur implication en matière agricole, les chambres d'agriculture seraient tout à fait légitimes à participer à cette conception ; de même il convient que les collectivités territoriales intéressées mais également les établissements publics locaux (EPCI...) qui le souhaitent puissent pleinement participer à la mise en place de ce programme national.",non
simplification des démarches administratives,"réduire les réglementations environnementales et sanitaires. Simplifier les démarches administratives, démarches bureaucratiques chronophages qui sont des freins qui entravent le quotidien des agriculteurs",AMANR5L16PO419865B2436P0D1N000528,"Cet amendement, issu de la proposition de loi du Sénat pour un choc de compétitivité en faveur de la Ferme France, vise à nommer un haut-commissaire afin d’alerter les pouvoirs publics et émettre des avis et recommandations en matière de compétitivité du secteur agricole. Doté de larges prérogatives, il participe à la définition et à la mise en œuvre des politiques publiques de compétitivité et est l’interlocuteur privilégié des filières dont il répertorie les difficultés qu’elles rencontrent au quotidien de manière à pouvoir formuler des recommandations utiles.",non
simplification des démarches administratives,"réduire les réglementations environnementales et sanitaires. Simplifier les démarches administratives, démarches bureaucratiques chronophages qui sont des freins qui entravent le quotidien des agriculteurs",AMANR5L16PO419865B2436P0D1N000203,"Par cet amendement, le groupe parlementaire LFI-NUPES souhaite renforcer la lisibilité des projets d'établissements agricoles sur l'agriculture biologique.
Le secteur biologique représente 16% de l’emploi agricole avec une dynamique en croissance pour atteindre l’objectif de 18% de surfaces en bio en 2027. En fonction des régions, 30 à 50% des candidats souhaitent aujourd’hui s’installer en bio avec un réel besoin de formation. Pourtant les formations en bio ne représentent que 5% de l’offre de formations production, transformation et commercialisation de l’enseignement agricole public inégalement réparties selon les territoires et les cursus.
Réciproquement, selon une enquête de la FNAB les enseignants souhaitent pouvoir mieux enseigner l’agriculture biologique :
- 73% expriment le besoin d'avoir plus de contenus techniques sur l’agriculture biologique ;
- 63% expriment le besoin d’avoir des supports de communication sur l’AB ;
- 43% expriment un besoin de formation sur l’AB.
Il y a donc un véritable enjeu et une urgence à renforcer la formation initiale et continue à l’agriculture biologique. Ainsi, les objectifs de promotion de l’agriculture biologique devraient s’intégrer dans les projets des établissements d’enseignement agricole. Les projets d’établissement représentent l’aboutissement du travail collectif des équipes pédagogique, administrative et technique, et constituent donc l’opportunité de se saisir des enjeux de promotion de l’agriculture biologique à l’échelle de l’établissement. Ils permettent ensuite, à l’échelon régional, de fixer des objectifs en adéquation avec les objectifs nationaux, de les suivre régulièrement et de mettre en place les moyens pour les atteindre dans le plan régional de l’enseignement agricole. Le Pacte d’orientation agricole prévoit de plus un plan de formation de 50 000 professionnels de l’enseignement, de la formation et du conseil : chaque établissement a donc l’opportunité de former massivement ses personnels à l’agriculture biologique.
Cet amendement a été travaillé avec la FNAB.",non
simplification des démarches administratives,"réduire les réglementations environnementales et sanitaires. Simplifier les démarches administratives, démarches bureaucratiques chronophages qui sont des freins qui entravent le quotidien des agriculteurs",AMANR5L16PO419610B2436P0D1N002694,"Cet amendement a pour objectif d’intégrer d’autres règlementations pouvant s’appliquer à une haie. Le but de ce mécanisme étant de simplifier les démarches pour les pétitionnaires, la démarche d’autorisation se doit d’être exhaustive pour ne pas avoir de procédure administrative en parallèle. C’est pourquoi intégrer les deux autorisations concernant les monuments historiques, les sites patrimoniaux et la déclaration concernant les sites inscrits permet de répondre à l’objectif de cette nouvelle section relative à la protection des haies.",non
simplification des démarches administratives,"réduire les réglementations environnementales et sanitaires. Simplifier les démarches administratives, démarches bureaucratiques chronophages qui sont des freins qui entravent le quotidien des agriculteurs",AMANR5L16PO419610B2436P0D1N002809,"La mise en place d’un programme national d’orientation et de découverte des métiers agricoles répond à la nécessité de sensibiliser très tôt nos concitoyens à l’importance de l’agriculture et des métiers du vivant, tant dans leurs impacts au quotidien (alimentation, énergie, environnement…) que s’agissant des enjeux de souveraineté alimentaire qu’ils recouvrent.
Il est nécessaire, pour que le contenu de ce programme et la manière dont il sera dispensé, soit en prise avec les réalités du terrain, la capacité des professionnels à se mobiliser pour y concourir et en cohérence avec les enjeux vus comme prioritaires par ces derniers, qu’il soit conçu en concertation avec les représentants de la profession.",non
simplification des démarches administratives,"réduire les réglementations environnementales et sanitaires. Simplifier les démarches administratives, démarches bureaucratiques chronophages qui sont des freins qui entravent le quotidien des agriculteurs",AMANR5L16PO419610B2436P0D1N001096,"La filière viti-vinicole est déjà, depuis plus d’une décennie, dans l’obligation de moderniser ses pratiques pour faire face au dérèglement climatique. Qu’il s’agisse d’épisodes de gel, de grêle ou de fortes chaleurs, les risques naturels sont devenus très fréquents.
Les pouvoirs publics doivent accompagner la transition écologique et technique en soutien aux viticulteurs. 
Cet amendement explicite la présence de la viti-viniculture dans cet alinéa.",non
simplification des démarches administratives,"réduire les réglementations environnementales et sanitaires. Simplifier les démarches administratives, démarches bureaucratiques chronophages qui sont des freins qui entravent le quotidien des agriculteurs",AMANR5L16PO419865B2436P0D1N000416,"L'objet de cet amendement est de compléter le contenu du décret d'application.
Le décret aurait à sa charge :
- de préciser le cadre national pour l’analyse de la gravité de l’atteinte aux services écosystémiques rendus par la haie, du projet de destruction, et des mesures compensatoires associées. L’enjeu est ici de disposer d’une grille d’évaluation simple, solide et homogène, afin d’évaluer ces aspects.
- d'énoncer les motifs d’opposition à la déclaration, ou de refus à l’autorisation, qui sont propres à la haies et qui permettent d’assurer leur protection efficace.
- de préciser les modalités de contrôle des opérations.
- d'indiquer les modalités de certification de la durabilité dans la gestion des haies.
Tel est l'objet de cet amendement, travaillé avec l'AFAC et Artemisia.",non
simplification des démarches administratives,"réduire les réglementations environnementales et sanitaires. Simplifier les démarches administratives, démarches bureaucratiques chronophages qui sont des freins qui entravent le quotidien des agriculteurs",AMANR5L16PO419610B2436P0D1N000731,"Le Bachelor Agro est appelé à devenir une référence importante en termes de niveau de qualification, comme le précise l’exposé des motifs du projet de loi.
Comme pour tous les diplômes élaborés au niveau national, les représentants de la profession doivent pouvoir concourir à la définition du référentiel de ce diplôme, dans le cadre des instances consultatives au sein desquelles ils siègent, en l’occurrence au niveau du Comité de suivi des cycles licence, master et doctorat (CSLMD).",non
simplification des démarches administratives,"réduire les réglementations environnementales et sanitaires. Simplifier les démarches administratives, démarches bureaucratiques chronophages qui sont des freins qui entravent le quotidien des agriculteurs",AMANR5L16PO419610B2436P0D1N003552,"L’alinéa tel que rédigé décrit précisément les personnels concernés par le programme national triennal de formation accélérée proposée. Il est possible que ce nombre change au cours du temps, c’est pourquoi le présent amendement propose de supprimer le nombre de 50 000.",non
simplification des démarches administratives,"réduire les réglementations environnementales et sanitaires. Simplifier les démarches administratives, démarches bureaucratiques chronophages qui sont des freins qui entravent le quotidien des agriculteurs",AMANR5L16PO419610B2436P0D1N002334,"L’amendement prévoit d’autoriser la taille des haies au-delà de la période connue du 16 mars au 15 août pour celles relevant de la BCAE8 dans deux situations concrètes : la nécessité de maintenir une visibilité des réseaux d’énergie et de communication ou rétablir un accès suite 
à une coupure dans l’accès au service et raison de catastrophe naturelle ou de cas de force majeure.
Si la première exemption est de bon sens, la seconde vise à prendre en compte les contraintes et le changement climatiques qui nécessitent parfois d’ores et déjà la taille des haies en dehors des périodes précitées.
Cet amendement est issu d'une proposition de la Fédération Régionale Entrepreneurs des Territoires Occitanie.",non
simplification des démarches administratives,"réduire les réglementations environnementales et sanitaires. Simplifier les démarches administratives, démarches bureaucratiques chronophages qui sont des freins qui entravent le quotidien des agriculteurs",AMANR5L16PO419865B2436P0D1N000648,"Cet amendement du groupe Socialistes et apparentés vise à préciser le délai d’instruction relative à tout projet de destruction d’une haie. Le projet de loi laisse le soin au décret de préciser le délai d’instruction, ce qui peut s’avérer problématique si celui-ci est trop faible. Aussi, il convient de s’assurer que le délai d’instruction est suffisant pour que l’administration puisse analyser la demande, en fixant ce délai dans la loi à deux mois. Par ailleurs, le projet de loi ne prévoyait pas de motif d’opposition à un projet de destruction de haie non soumis à autorisation. Compte tenu de l’importance des services environnementaux apportés par la haie, il convient de permettre à l’autorité instructrice de s’opposer aux projets qui leur portent une atteinte grave. La grille d’analyse de la gravité de l’atteinte aux services écosystémiques sera précisée par décret en Conseil d’État. Enfin, concernant les conséquences d’une absence de réponse de l’autorité, il est proposé que le silence gardé vaille décision de refus et non acceptation, comme prévu dans le projet de loi. Il doit être souligné que ce rejet implicite est spécifique au régime déclaratif des projets de destruction de haie, l’absence de réponse à des déclarations valant en revanche acceptation implicite dans le cadre d’autres législations (loi sur l’eau, ICPE, Natura 2000…). Il serait par ailleurs préjudiciable qu’une absence de réponse à une déclaration vaille acceptation, alors que le projet pourrait être, en définitive, soumis à autorisation. Il importe donc que l’administration statue, et tout d’abord en identifiant avec certitude le régime applicable. Tel est le sens du présent amendement travaillé en lien avec l'AFAC.",non
simplification des démarches administratives,"réduire les réglementations environnementales et sanitaires. Simplifier les démarches administratives, démarches bureaucratiques chronophages qui sont des freins qui entravent le quotidien des agriculteurs",AMANR5L16PO419610B2436P0D1N000073,Le présent amendement vise à inscrire une rémunération digne pour les agriculteurs comme condition de la souveraineté alimentaire.,non
simplification des démarches administratives,"réduire les réglementations environnementales et sanitaires. Simplifier les démarches administratives, démarches bureaucratiques chronophages qui sont des freins qui entravent le quotidien des agriculteurs",AMANR5L16PO419610B2436P0D1N002730,Cette modification vise à préciser que les établissements privés d’enseignement agricole peuvent également dispenser des formations de l’enseignement supérieur conduisant à un Bachelor Agro.,non
simplification des démarches administratives,"réduire les réglementations environnementales et sanitaires. Simplifier les démarches administratives, démarches bureaucratiques chronophages qui sont des freins qui entravent le quotidien des agriculteurs",AMANR5L16PO791932BTC2600P0D1N000293,"Cet article a pour but de réhausser les seuils de la nomenclature IOTA pour la protection et la consolidation des berges par des techniques autres que végétales vivantes. 
Un des objectifs du gouvernement, retranscrit dans le pacte en faveur de la haie, est la simplification des règlementations autour des haies.
 
De plus, le gouvernement, dans ce même document, énonce qu’""une vision dynamique de l’évolution du linéaire de haie est nécessaire"".
 
Ainsi, le rehaussement des seuils vise à répondre aux exigences du Pacte en faveur de la haie.",oui
simplification des démarches administratives,"réduire les réglementations environnementales et sanitaires. Simplifier les démarches administratives, démarches bureaucratiques chronophages qui sont des freins qui entravent le quotidien des agriculteurs",AMANR5L16PO791932BTC2600P0D1N005045,Les agriculteurs doivent pouvoir rester ou devenir propriétaires de leurs exploitations.,non
simplification des démarches administratives,"réduire les réglementations environnementales et sanitaires. Simplifier les démarches administratives, démarches bureaucratiques chronophages qui sont des freins qui entravent le quotidien des agriculteurs",AMANR5L16PO791932BTC2600P0D1N002254,"Dans un projet de loi, il est inutile de nommer un guichet. La nomination relève du domaine règlementaire. Le Conseil d'Etat a lui-même dans son avis sur le projet de loi d'orientation souligné que la dénomination du réseau ne relève pas du domaine de la loi.
De plus, ne pas nommer un réseau spécifique dans la loi est de nature à garantir une plus grande flexibilité, neutralité et adaptabilité.",non
simplification des démarches administratives,"réduire les réglementations environnementales et sanitaires. Simplifier les démarches administratives, démarches bureaucratiques chronophages qui sont des freins qui entravent le quotidien des agriculteurs",AMANR5L16PO791932BTC2600P0D1N004204,"Cet amendement vise à supprimer la dernière mention floue sur les ""modes de production visant à garantir la durabilité des systèmes agricoles"" qui risque de mettre au même niveau des pratiques dont les bénéfices en matière de transition et de résilience sont très hétérogènes.",non
simplification des démarches administratives,"réduire les réglementations environnementales et sanitaires. Simplifier les démarches administratives, démarches bureaucratiques chronophages qui sont des freins qui entravent le quotidien des agriculteurs",AMANR5L16PO791932BTC2600P0D1N000934,"Par cet amendement, le groupe LFI-NUPES souhaite porter le sujet de la présence de la prévention des risques d’incendie en milieu forestier et péri-forestier dans l’enseignement et la formation professionnelle publics aux métiers de l’agriculture, de la forêt, de la nature et des territoires.
Le rapport « Les incidences économiques de l’action pour le climat » de Jean Pisani-Ferry et de Selma Mahfouz, remis à la Première ministre en mai 2023, met en exergue le fait que le coût de l’inaction climatique est à terme supérieure à celui de l’action pour le climat.
Parallèlement, les spécialistes de l’Institut national de l’information géographique et forestière (IGN), de Météo France et de l’Office national des forêts (ONF) déclarent que “Dès 2040, les surfaces menacées par le feu sont susceptibles d’augmenter de 30 % par rapport à 2008 » dans le rapport de la mission interministérielle Changement climatique et extension des zones sensibles aux feux de forêts paru le 1er juillet 2010.
Du fait du changement climatique, les méga-feux tendent à s’intensifier en France, comme l’ont déjà montré les feux en Gironde à l’été 2022. Ceux-ci représentent à la fois une catastrophe environnementale, sanitaire, ainsi qu’économique pour les éleveurs et producteurs.
A la lumière de ces éléments, l'on comprend qu'il est essentiel d'investir dès maintenant en matière de prévention des risques incendies. Une première piste se situe dans l'introduction d'un module dédié dans enseignement et la formation professionnelle publics aux métiers de l’agriculture, de la forêt, de la nature et des territoires, afin d’assurer le développement des connaissances et compétences en matière de transitions agroécologique et climatique des générations futures.",non
simplification des démarches administratives,"réduire les réglementations environnementales et sanitaires. Simplifier les démarches administratives, démarches bureaucratiques chronophages qui sont des freins qui entravent le quotidien des agriculteurs",AMANR5L16PO791932BTC2600P0D1N004078,"Les alinéas 1 à 6 de l’article 9 (à supprimer) visent à ajouter un nouveau dispositif de diagnostic pour les transmissions d’exploitations agricoles qui pourrait devenir contraignant d’ici 2025.
Si la loi est adoptée, obligation sera faite pour les agriculteurs de diagnostiquer :
la résilience de l’exploitation face aux conséquences du changement climatique, telles qu’elles sont estimées par la trajectoire de réchauffement de référence pour l'adaptation au changement climatique 
la capacité de l’exploitation à contribuer à l’atténuation de celui-ci, notamment par la mise en place de pratiques agroécologiques.
L’analyse des performances économiques de l’exploitation.
 
Cet amendement provient de la Coordination Rurale.",
simplification des démarches administratives,"réduire les réglementations environnementales et sanitaires. Simplifier les démarches administratives, démarches bureaucratiques chronophages qui sont des freins qui entravent le quotidien des agriculteurs",AMANR5L16PO791932BTC2600P0D1N001924,"Cet amendement du groupe Socialistes et apparentés vise à porter une attention particulière sur la place des femmes en agriculture. 
Les femmes représentent 24 % des cheffes d’exploitation agricole en 2022. Les politiques de formations doivent contribuer à renforcer la notion d’égalité entre les femmes et les hommes pour permettre à toutes et tous de bénéficier des mêmes conditions de formation pour prétendre à devenir agricultrice ou agriculteur, cheffe ou chef d’exploitation.",non
simplification des démarches administratives,"réduire les réglementations environnementales et sanitaires. Simplifier les démarches administratives, démarches bureaucratiques chronophages qui sont des freins qui entravent le quotidien des agriculteurs",AMANR5L16PO791932BTC2600P0D1N001062,"La France rayonne sur la scène internationale par des produits emblématiques (faisant parfois l'objet d'une Appellation d'Origine Protégée) qui contribuent à améliorer à la fois notre image et notre balance commerciale. Ces produits en AOP contribuent également de manière significative à l’économie nationale et locale. La diversité des terroirs français offre un environnement propice à la fois à la production mais aussi au tourisme, permettant ainsi une production de qualité, ainsi que la richesse de nos paysages. 
Pourtant, nous retrouvons sur les étales de certains pays étrangers des contrefaçons reprenant les noms de ces produits, afin de capter leurs renommées. Il est du rôle du Gouvernement, en tant que négociateur avec nos partenaires commerciaux présents et futurs, d'intégrer à ses objectifs finaux la lutte contre les produits parasitant une appellation d'origine protégée.
Cet amendement propose d'intégrer cette protection des noms d'AOP à l'étranger dans la liste des objectifs des politiques publiques, puisque cette contrefaçon est une attaque illégale contre la bonne santé économique de nos terroirs.",non
simplification des démarches administratives,"réduire les réglementations environnementales et sanitaires. Simplifier les démarches administratives, démarches bureaucratiques chronophages qui sont des freins qui entravent le quotidien des agriculteurs",AMANR5L16PO791932BTC2600P0D1N002443,"Les auteurs de cet amendement souhaitent intégrer l'amélioration de la protection sociale et des conditions de travail des agriculteurs, des actifs agricoles et de l'ensemble des salariés du secteur agricole et de l'agroalimentaire parmi les objectifs des politiques publiques concourant à la souveraineté alimentaire. 
Cet objectif concerne bien évidemment l'ensemble des agriculteurs et non-salariés agricoles mais également l'ensemble des salariés de l'agriculture et des secteurs de la transformation agroalimentaire.
Rappelons qu'en 2019, les activités de production et de transformation liées à l’agriculture, la sylviculture, la pêche et les industries agroalimentaires employaient 1,4 million de personnes (salariés et non salariés) en équivalent temps plein, soit 5,2% de l’emploi total national.",non
simplification des démarches administratives,"réduire les réglementations environnementales et sanitaires. Simplifier les démarches administratives, démarches bureaucratiques chronophages qui sont des freins qui entravent le quotidien des agriculteurs",AMANR5L16PO791932BTC2600P0D1N005229,"Cet amendement vise à poser un objectif de transition de l’élevage, pour mettre fin à l’élevage industriel, tout en l’accompagnant vers un modèle extensif et pastoral.
Dans une perspective de transition agroécologique, cette mesure est bénéfique tant pour l’emploi, pour le revenu des agriculteurs, que pour l’environnement.
En effet, le modèle de l’élevage intensif, et des fermes-usines, et l’un des plus gros responsables de la perte d’emploi en agriculture. De moins en moins d’agriculteurs gèrent de plus en plus grandes surfaces, avec un nombre de bêtes croissant, réduisant ainsi grandement l’emploi agricole. Au contraire, l’élevage extensif, pastoral, est un élevage intensif en emplois, et en emploi qualifié.
Si en France, l’agriculture est le deuxième secteur le plus émetteur de gaz à effet de serre, l’élevage représente à lui seul près de 68 % des émissions de méthane (INRAE). La concentration de bêtes, dans de petits espaces, intérieurs, nourries au foin et pas à l’herbe, favorise ces émissions dangereuses pour l’environnement. Aussi, l’élevage en plein air est bien plus vertueux. Enfin, l’élevage industriel ne correspond absolument plus aux attentes sociétales considérant le bien-être animal.
Pour toutes ces raisons, il convient de placer la transition du modèle d’élevage comme un des grands objectifs de ce projet de loi.
Cet amendement correspond à l’une des 51 recommandations de la mission d’information sur les dynamiques de la biodiversité dans les paysages agricoles, dont le rapport a été approuvé par la commission du développement durable le 24 Janvier 2024.",non
simplification des démarches administratives,"réduire les réglementations environnementales et sanitaires. Simplifier les démarches administratives, démarches bureaucratiques chronophages qui sont des freins qui entravent le quotidien des agriculteurs",AMANR5L16PO791932BTC2600P0D1N002312,"Cet amendement du groupe Socialistes et apparentés vise à supprimer les alinéas relatifs à l’engagement d’une fiscalité de la transmission des biens agricoles dont nous ne connaissons ni les orientations ni les principes.
Les phrases ajoutées à l’article 9, relatives à la fiscalité de transmission, n’ont aucunement leur place dans un article censé régir les contours du diagnostic modulaire.
Cet article, destiné à l’évaluation de la viabilité économique d’une exploitation, n’a aucun intérêt à intégrer des mesures programmatiques d’ordre fiscal.
Au-delà de la teneur même de ces mesures fiscales, leur intégration dans le diagnostic modulaire revêt un problème de forme.
Cet amendement est issu des échanges avec les JA.",non
simplification des démarches administratives,"réduire les réglementations environnementales et sanitaires. Simplifier les démarches administratives, démarches bureaucratiques chronophages qui sont des freins qui entravent le quotidien des agriculteurs",AMANR5L16PO791932BTC2600P0D1N003790,"La sécurité sociale alimentaire est un horizon positif qui permettrait de répondre aux enjeux d’accès à une alimentation saine pour tous et de stimuler les productions vertueuses localement. Les écologistes ont déjà mis en place de nombreuses expérimentations dans plusieurs villes parmi lesquelles Lyon, Bordeaux, Paris ou Montpellier, qui permettent de tester des dispositifs d’accompagnement pérenne des bénéficiaires. A Montpellier, une caisse alimentaire commune a été élaborée démocratiquement par les habitants et plus d’une vingtaine d’associations implantées sur le territoire. Le principe est simple : chaque participant cotise librement, chaque mois, selon ses moyens, de 1 à 150 euros, et reçoit en retour une allocation alimentaire de 100 euros par mois, utilisable dans des commerces conventionnés. 350 citoyens ont été sélectionnés pour participer à cette expérimentation. La somme reçue pourra ainsi être utilisée dans des réseaux de distribution conventionnés, et choisis démocratiquement par la Caisse, pour des produits alimentaires locaux et issus de l’agriculture paysanne. En parallèle, les bénéficiaires sont accompagnés durablement par des associations.
Ces expérimentations, soutenues par de nombreux collectifs nationaux (Civam, Confédération paysanne, Territoires à vivre…) et évaluées par des chercheurs et des universitaires, permettent d’éclairer la décision publique et de contribuer à avancer sur des solutions pérennes d’accès à une alimentation durable et de qualité.",non
simplification des démarches administratives,"réduire les réglementations environnementales et sanitaires. Simplifier les démarches administratives, démarches bureaucratiques chronophages qui sont des freins qui entravent le quotidien des agriculteurs",AMANR5L16PO791932BTC2600P0D1N003823,"L’enseignement et la formation professionnelle agricole doivent concourir à l’atteinte d’une rémunération juste pour les agriculteurs et agricultrices qui s’y forment. Cela inclut notamment la capacité d’identifier et de pouvoir se voir garantir une rémunération juste du fait de son travail, par exemple au travers de l’évaluation et de la fixation de ses coûts de production.",non
simplification des démarches administratives,"réduire les réglementations environnementales et sanitaires. Simplifier les démarches administratives, démarches bureaucratiques chronophages qui sont des freins qui entravent le quotidien des agriculteurs",AMANR5L16PO791932BTC2600P0D1N005579,"Alors que le présent amendement fait référence à la notion de neutralité du point d'accueil, le présent amendement entend inscrire cette notion également à l'alinéa 23 qui aborde des sujets similaires.",non
simplification des démarches administratives,"réduire les réglementations environnementales et sanitaires. Simplifier les démarches administratives, démarches bureaucratiques chronophages qui sont des freins qui entravent le quotidien des agriculteurs",AMANR5L16PO791932BTC2600P0D1N003121,Cet amendement propose une nouvelle disposition visant l'amélioration des conditions de travail dans les abattoirs ainsi que le respect des normes en matière de bien-être animal. Les abattoirs participent de la souveraineté alimentaire de la France. Cette disposition poursuit la valorisation et le renouvellement des générations nécessaires à la pérennité de la filière aujourd'hui menacée. Tel est l'apport du présent amendement.,non
simplification des démarches administratives,"réduire les réglementations environnementales et sanitaires. Simplifier les démarches administratives, démarches bureaucratiques chronophages qui sont des freins qui entravent le quotidien des agriculteurs",AMANR5L16PO791932BTC2600P0D1N000227,"A de multiples reprises, pour aborder la souveraineté, mais aussi la promotion et la formations aux métiers de l’agriculture, pour traiter de transmission et installation, le texte fait référence à la prise en compte des transitions agroécologiques et climatiques. L’entreprise agricole ne peut être vue qu’au regard de ces deux dimensions. L’économie, la gestion, les marchés, les techniques de production doivent être considérées comme essentielles et, de ce fait, mentionnées comme des préalables à la réussite des projets.",non
simplification des démarches administratives,"réduire les réglementations environnementales et sanitaires. Simplifier les démarches administratives, démarches bureaucratiques chronophages qui sont des freins qui entravent le quotidien des agriculteurs",AMANR5L16PO791932BTC2600P0D1N004005,"L’objet du présent amendement est d’adapter la législation en vigueur suite à la jurisprudence du Conseil d’État du 16 juillet 2021 dans son arrêt « Commune de La Londe-les-Maures » (n°437562) qui a jugé que l’exécution d’une décision juridictionnelle prononçant l’annulation partielle d’un PLU implique nécessairement que l’autorité compétente en modifie le règlement dans un sens déterminé de sorte de substituer, en application de l’article L. 153-7 du code de l’urbanisme, de nouvelles dispositions à celles qui ont été annulées, et qu’il appartient à cette autorité de faire application, selon la nature et l’importance de la modification requise, de l’une des procédures de révision, de modification ou de modification simplifiée du PLU, prévues respectivement, par les articles L. 153-31, L. 153-41 et L. 153-45 du même code, en se fondant le cas échéant, dans le respect de l’autorité de la chose jugée, sur certains actes de procédure accomplis pour l’adoption des dispositions censurées par le juge.
Or, reprendre de telles procédures est chronophage et contrevient, dans le cas de parcelles dont le classement au PLU a été annulé et dont la destination agricole a été en théorie rétablie par voie juridictionnelle, à l’installation rapide d’un agriculteur.
En pratique, après une procédure devant la juridiction administrative qui peut durer jusqu’à 2 voire 3 ans, l’administration concernée peut « jouer la montre » pendant au moins une année supplémentaire : c’est donc pour l’agriculteur concerné la « double peine » d’autant que la limite d’âge légale pour l’installation d’un jeune agriculteur est de 40 ans révolus ...
Aussi, conformément à la position de la doctrine à l’occasion du commentaire de l’arrêt susmentionné du Conseil d’Etat, notamment de l’avocat Maître Pierre Soler-Couteaux dans la Revue de Droit Immobilier (RDI, Dalloz) qui estime « par exemple que dans le cas de l’annulation du classement de parcelles pour erreur manifeste d’appréciation, l’administration puisse prendre une délibération sans même une nouvelle enquête publique dès lors que leurs propriétaires (ou le commissaire-enquêteur) auront formulé des observations ou remarques précisément sur le classement litigieux dans le cadre de l’enquête », l’objet du présent amendement est de simplifier la procédure dans ce cas d’espèce circonscrit aux seules parcelles à vocation agricole.",oui
simplification des démarches administratives,"réduire les réglementations environnementales et sanitaires. Simplifier les démarches administratives, démarches bureaucratiques chronophages qui sont des freins qui entravent le quotidien des agriculteurs",AMANR5L16PO791932BTC2600P0D1N005337,"Cet amendement vise à souligner l’enjeu corollaire au maintien de l’élevage durable, qui est d’assurer l’approvisionnement en produits issus d’élevages durables. Il tient à souligner le consensus scientifique existant en matière de santé publique comme de transition agroécologique : une alimentation saine et durable passe par un rééquilibrage des sources de protéines animales et végétales dans l’alimentation des Français.",
simplification des démarches administratives,"réduire les réglementations environnementales et sanitaires. Simplifier les démarches administratives, démarches bureaucratiques chronophages qui sont des freins qui entravent le quotidien des agriculteurs",AMANR5L16PO791932BTC2600P0D1N001645,"Par cet amendement, le groupe parlementaire LFI-NUPES souhaite s'assurer que les porteurs de projet puissent être orientés vers l'ensemble des structures de conseil et d'accompagnement existantes en fonction de ses besoins.
Il y a un véritable enjeu à accompagner les porteurs de projet qui souhaitent s'installer en agriculture. Le taux de survie à 5 ans des installations agricoles accompagnées et aidées est supérieur à 95 % par rapport aux installations agricoles qui n'ont pas été accompagnées. Or, il y a un enjeu à ce que les installations en agriculture soient plus nombreuses et que ces installations soient pérennes. Seulement un départ sur 3 est aujourd'hui compensé par une installation.
La rédaction actuelle de l'organisation du réseau France services agriculture laisse craindre que l'ensemble des structures accompagnant à l'installation ne soient pas prises en compte dans le dispositif. Pourtant, les associations et réseaux d'accompagnement à l'installation-transmission que sont la FADEAR, la FNAB, le MIRAMAP, le RENETA, le Réseau CIVAM, SOL, Terre de Liens et le pôle Inpact accompagnent plus de 10 000 candidats et 2 000 cédants par an. Cela représente plus d'un tiers des installations annuelles. La réforme du dispositif d'aide à l'installation-transmission ne peut donc se faire sans ces structures, indispensables au renouvellement des générations en agriculture. C'est pourquoi nous souhaitons que l'agrément des structures d'accompagnement garantisse la représentation de l'ensemble des dispositifs d'accompagnement existant.",non
simplification des démarches administratives,"réduire les réglementations environnementales et sanitaires. Simplifier les démarches administratives, démarches bureaucratiques chronophages qui sont des freins qui entravent le quotidien des agriculteurs",AMANR5L16PO791932BTC2600P0D1N004567,"Cet amendement propose deux modifications : d’une part, la systématisation de l’analyse des besoins en formation pour la personne ayant un projet d’installation, en réalisant un état des lieux de ses compétences professionnelles ; d’autre part, à supprimer – temporairement – le rôle de l’établissement public locald’enseignement et de formation professionnelle.
Dans sa rédaction initiale, le projet de loi rend facultative la proposition d’un parcours de formation aux porteurs de projet. Dans le cadre d’un projet d’installation, cela présente plusieurs risques :
- Risque de manque de formation : certaines structures peuvent ne pas proposer de formation afin d’attirer les porteurs de projet souhaitant s’installer rapidement.
- Risque de favoritisme : les structures orientent le porteur de projet vers des formations qu’elles organisent.
Dans ces deux cas, la réponse ne correspondra probablement pas aux besoins de compétences du porteur de projet, compromettant ainsi la viabilité et la pérennité du projet. C’est pourquoi il est crucial desystématiser la réalisation d’un état des lieux des compétences professionnelles du porteur de projet afin degarantir que le parcours de formation proposé corresponde à ses besoins.
Pour un projet de cession, les risques sont moins présents voire inexistants. Ainsi, cet amendement conserve la rédaction initiale du projet de loi pour les personnes ayant un projet de cession d’exploitation, n’imposant pas systématiquement la réalisation de cet état des lieux, afin de ne pas alourdir la procédure.
De plus, l'amendement supprime le rôle attribué aux établissements publics locaux d'enseignement et de formation professionnelle tel qu'il est prévu dans le projet de loi initial, car ce rôle est similaire à celui des conseillers en formation, ce qui est redondant et non pertinent. Il serait plus judicieux de redéfinir leur fonction, par exemple en les chargeant de garantir la qualité des parcours de formation recommandés, afin de pallier les problèmes évoqués précédemment. Ainsi, cet amendement ouvre la possibilité d'adopter un autre amendement complémentaire visant à redéfinir le rôle des établissements publics locaux d'enseignement et de formation professionnelle.
Cet amendement a été travaillé avec les Chambres d'agriculture.",non
simplification des démarches administratives,"réduire les réglementations environnementales et sanitaires. Simplifier les démarches administratives, démarches bureaucratiques chronophages qui sont des freins qui entravent le quotidien des agriculteurs",AMANR5L16PO791932BTC2600P0D1N003589,"La multiplication et l’intensification des effets du changement climatique visées par l’étude d’impact du présent projet de loi, rendent indispensable d’appréhender les politiques agricoles nationales à travers un double objectif de sécurité alimentaire mais également climatique. Aujourd'hui, plus de 80% de la population française vit dans des environnements urbanisés pouvant entrainer des impacts négatifs sur les écosystèmes agricoles et naturels (pollution, artificialisation, réduction de la biodiversité). L’imperméabilisation des sols est l’une des premières cause de dégradation des sols en Europe, notamment par décapage, perte de fertilité, compaction et suppression des échanges gazeux, hydriques et biologiques.",non
simplification des démarches administratives,"réduire les réglementations environnementales et sanitaires. Simplifier les démarches administratives, démarches bureaucratiques chronophages qui sont des freins qui entravent le quotidien des agriculteurs",AMANR5L16PO791932BTC2600P0D1N004933,"Le présent amendement, de nature programmatique, dispose que les politiques publiques visant à la protection de la souveraineté alimentaire en France, doivent maitriser les dépendances en matières d’importations et d’exportations. Le choix du mot « maitriser » dénote un manque d’ambition certain. Notre pays devient de plus en plus dépendant des importations alimentaires, d’ailleurs bien souvent issues de pays qui ne respectent pas toujours les normes de qualité nationales. Ces dernières années, les importations ont notamment augmenté dans les secteurs des fruits et légumes. Se fixer l’objectif d’une réduction des dépendances en matière d’importations est indissociable de l’objectif de souveraineté alimentaire, qui doit aller de pair avec une politique protectrice de nos agriculteurs. C’est pourquoi ce sous amendement propose de se donner comme objectif de réduire les dépendances aux exportations et aux importations, et non, comme le dispose le texte de l'amendement, seulement de les maitriser.",non
simplification des démarches administratives,"réduire les réglementations environnementales et sanitaires. Simplifier les démarches administratives, démarches bureaucratiques chronophages qui sont des freins qui entravent le quotidien des agriculteurs",AMANR5L16PO791932BTC2600P0D1N005239,"Le présent article présente les finalités de la politique en faveur de l'agriculture et de l'alimentation, dans ses dimensions internationale, européenne, nationale et territoriale. 
Il précise notamment la finalité de développer des filières de production et de transformation, et le besoin d'alliance économique et sociale. Cependant, comme ce texte le précise tant dans son exposé des motifs que dans sa rédaction, les enjeux environnementaux en sont une priorité. Ce sous-amendement propose donc d'inclure la performance environnementale, notion par ailleurs définie et reconnue, aux performances économique et sociale.",non
simplification des démarches administratives,"réduire les réglementations environnementales et sanitaires. Simplifier les démarches administratives, démarches bureaucratiques chronophages qui sont des freins qui entravent le quotidien des agriculteurs",AMANR5L16PO791932BTC2600P0D1N004856,"Ce sous-amendement du groupe LFI-NUPES propose la suppression de la notion d'intérêt général majeur introduite par la présente loi.
Cette notion suscite de fortes inquiétudes en termes de régression environnementale, sans apporter aucune solution à la crise traversée par l'agriculture française. Elle pourrait conduire à faire des choix court-termistes préjudiciables à l'environnement, à la durabilité de notre agriculture, et donc à la sécurité économique de nos agriculteurs et à la souveraineté alimentaire de notre pays.
La notion d'intérêt général majeur pourrait notamment être mobilisée de façon à favoriser le déploiement de projets agro-industriels qui nous dirigent collectivement dans l'impasse, comme des méga-bassines et des élevages industriels.
Elle pourrait ainsi, notamment, menacer la disponibilité de la ressource en eau et son juste partage, indispensables à une agriculture durable, en favorisant des opérations de pompage abusives dans les nappes phréatiques et dans les cours d'eau. Selon l'analyse du juriste de l'environnement Dorian Guinard, elle pourrait en effet impacter négativement la régulation des autorisations annuelles de prélèvement ainsi que des restrictions d'eau découlant des arrêtés sécheresse.
Par ailleurs, cette notion nouvelle, floue et ambigue, n'a pas de signification juridique précise et porte atteinte à l'impératif de lisibilité et de clarté du droit. Selon le cabinet de Marc Fesneau, « L’administration puis le juge prendront en considération la qualification législative d’intérêt général majeur dans leur mise en balance des différents intérêts contradictoires en présence ». Mais il apparaît impossible d'en évaluer précisément les conséquences et, pour cette raison, celle-ci devrait être rejetée par le législateur.",non
simplification des démarches administratives,"réduire les réglementations environnementales et sanitaires. Simplifier les démarches administratives, démarches bureaucratiques chronophages qui sont des freins qui entravent le quotidien des agriculteurs",AMANR5L16PO791932BTC2600P0D1N002125,"Cette proposition d’amendement vise à renforcer les GFA mutuels, groupements initiés de longue date par la profession agricole.
D’une manière générale, la vocation initiale du Groupement Foncier Agricole est d’assurer la pérennité, par la mise en société, de l’unité d’un patrimoine foncier agricole, afin que celui-ci soit exploité, essentiellement par bail rural, par des personnes n’étant pas nécessairement détentrices de ce patrimoine. Ce faisant, le législateur a aussi ouvert la voie à la création de GFA dits « mutuels », dont la constitution mérite d’être mieux sécurisée dans les textes.
Rappelons que les GFA mutuels ont généralement pour objet, à l’initiative des organisations agricoles qui en assurent l’animation, l'acquisition par des agriculteurs ou non d'une propriété déjà exploitée par un fermier en place à l'occasion de sa vente, faute pour ce dernier de pouvoir l'acquérir seul. Le GFA ainsi constitué poursuit alors la location au fermier, lequel peut, progressivement, le cas échéant, acquérir les parts auprès des autres membres du GFA. Le schéma précédant a été développé par la suite en rassemblant dans un GFA un plus grand nombre d’apporteurs de capitaux en numéraire, chaque part ayant une valeur modeste, sur une aire territoriale limitée, le plus souvent le canton. Ainsi, le GFA dispose de fonds permettant, en liaison avec les autres organismes de réorganisation foncière et en particulier la Safer, d'assurer une rapide mobilité des parts de GFA (ce qui encourage les petits épargnants). Au-delà des agriculteurs, les épargnants trouvent une sécurité intéressante dans les GFA mutuels car leurs placements bénéficient de la sécurité liée au foncier ; ils bénéficient également, à terme, de la plus-value acquise par le foncier et des avantages fiscaux liés à la transmission des parts de GFA.
Cependant, la constitution d’un GFA mutuel implique de mobiliser des investisseurs selon des moyens qui, parfois, imposent de souscrire à la procédure de l’offre au public de titres prévue par le code monétaire et financier, particulièrement lourde et couteuse pour des structures de taille modeste. Aussi, afin de ne pas freiner le dynamisme des GFA mutuels, il est proposé que l’interdiction d’offre au public en dehors du cadre posé par code monétaire et financier ne s’applique pas à la proposition de parts d’un GFA existant ou à constituer au sein d’une zone géographique limitée, dès lors qu’elle s’adresse à des investisseurs locaux, dans des conditions déterminées par décret.",non
simplification des démarches administratives,"réduire les réglementations environnementales et sanitaires. Simplifier les démarches administratives, démarches bureaucratiques chronophages qui sont des freins qui entravent le quotidien des agriculteurs",AMANR5L16PO791932BTC2600P0D1N003451,"Cet amendement du groupe LFI-NUPES propose que la Nation se fixe pour objectif d’atteindre 1 million d’exploitants agricoles en 2050 en vue de répondre aux défis de la souveraineté alimentaire et de la bifurcation agroécologique. Pour atteindre cet objectif, il est également proposé de fixer un objectif intermédiaire, à savoir que le nombre d’installations dans les dix années suivant la promulgation de la présente loi soit au moins le double de celui observé sur les dix années précédant cette date, au cours de laquelle 100 000 exploitations ont disparus. Ces objectifs chiffrés sont en effet ceux estimés nécessaires par la Confédération paysanne et le FADEAR pour assurer la relocalisation de notre alimentation et engager la transition agroécologique des modes de production. Ils témoignent d'une ambition forte et d'un cap clair pour notre agriculture, qui doivent guider ce projet de loi.
Cet objectif apparaît d'autant plus nécessaire que les chiffres sont, depuis bien longtemps, alarmants.
● 100 000 exploitations agricoles ont encore disparu entre 2010 et 2020. Et plus de 14 000 fermes ont disparu sur nos territoires depuis le lancement officiel du processus PLOAA par Emmanuel Macron il y a 18 mois, en septembre 2022. 
● Le nombre d'exploitations agricoles a été divisé par quatre en cinquante ans : elles étaient plus de 1,5 million en 1970, elles sont désormais 390 000, indique le dernier recensement publié par le ministère de l'Agriculture.
● A la tête de ces 390 000 exploitations, il reste à peine 500.000 exploitants et coexploitants. La part des exploitants agricoles dans l'emploi total ne cesse donc de régresser : 1,5% des actifs en 2021 contre 7,1% il y a quarante ans.
Si le projet de loi était adopté en lʼétat, nous ne pourrions éviter la poursuite de lʼhémorragie, à plus forte raison dans la mesure où l'agriculture française n'a jamais connu aussi peu de jeunes dans ses rangs : seulement 20% d'agriculteurs ont moins de 40 ans (l'âge moyen est de 51,4 ans) et dans la mesure où la moitié des exploitations françaises sont dirigées par au moins un exploitant âgé de 55 ans ou plus, « qui a déjà atteint ou atteindra l'âge de la retraite dans la décennie qui vient », selon le recensement agricole effectué en 2020.
Face à ce plan de licenciement massif et silencieux, la loi d’orientation agricole doit fixer un cap et des objectifs chiffrés d’installations. A l’inverse, ce projet de loi ne fixe aucune ambition : il formule seulement l'objectif vague d'installer ""un nombre suffisant"" de personnes en agriculture et entretient la confusion entre salariés et exploitants agricoles, en évoquant le « renouvellement des générations d’actifs agricoles ».
La course à l’agrandissement et à la spécialisation est une impasse. Les exploitations hypercapitalisées deviennent intransmissibles et demain seuls des fonds d’investissement français ou étrangers pourront assurer leur reprise : un danger majeur pour notre souveraineté.
Il convient d'installer à nouveau massivement des agriculteurs sur notre territoire.
Cet amendement est issu d'une proposition de la Confédération paysanne et du Fadear.",non
simplification des démarches administratives,"réduire les réglementations environnementales et sanitaires. Simplifier les démarches administratives, démarches bureaucratiques chronophages qui sont des freins qui entravent le quotidien des agriculteurs",AMANR5L16PO791932BTC2600P0D1N004937,"Cet amendement du groupe LFI-NUPES vise à inscrire dans la loi ce principe cardinal : que les politiques publiques doivent garantir des prix rémunérateurs aux agriculteurs, notamment au moyen de prix plancher, et qu’il s’agit d’une condition pour atteindre la souveraineté alimentaire.
En effet, aucun des problèmes auxquels fait face l’agriculture française, que ce soit celui de l’installation-transmission, de la souveraineté alimentaire ou de la bifurcation agroécologique ne se résoudra sans répondre au problème des revenus. Et il est éclairant que celui-ci soit totalement absent de ce projet de loi d’orientation agricole proposé par le Gouvernement.
Egalim a échoué à tenir sa promesse de protection des revenus des agriculteurs. Egalim 1 a été adopté en 2018. Depuis les rustines se multiplient : Egalim 2 (2021), Egalim 3 (2023), bientôt Egalim 4… sans jamais répondre au problème posé. Ce n’est pas surprenant : les lois Egalim n’imposent pas le respect des coûts de production - le coût de production n’est ainsi pas le seul facteur de détermination du prix de vente selon les lois Egalim, en l’état de la loi, il peut donc parfaitement rester inférieur aux coûts de production.
Il y a urgence à agir. Le taux de pauvreté monétaire est de 16,2 % dans les ménages agricoles. Dans le secteur du maraîchage et de l’horticulture, il est même de 24,9 %, 23,6 % dans le secteur ovin, caprin et 21,5 % en bovins viande. C’est inacceptable.
Egalement inacceptable : beaucoup de fermes ne dégageraient aucun revenu sans subventions : 55,1 % des exploitations en bovins viande auraient un excédent brut d’exploitation (EBE) négatif hors subventions (pour un montant moyen de subventions de 51 000 € dans ce secteur), et 23,9 % en fruits et autres cultures permanentes (pour un montant moyen de subventions de 38 000 €). Les agriculteurs, assez unanimement, demandent « des prix, pas des primes ».
Et 100 000 fermes ont disparu en 10 ans entre 2010 et 2020. Soit 10 000 par an. Près de 200 par semaine. Près de 30 par jour.
Au coeur de cette situation catastrophique, le problème du revenu. Les politiques publiques, pour que la souveraineté alimentaire ne soit pas un vain mot, doivent donc avoir pour priorité la garantie de prix rémunérateurs au producteur. A cet égard, les prix plancher, attribués pour des volumes de production plafonnés afin d’éviter les surproductions, sont une réponse.
L’Assemblée nationale l’a d’ailleurs confirmé en adoptant en première lecture, le 4 avril 2024 la proposition de loi en faveur de la mise en place de prix plancher. Un texte adopté malgré l’opposition de la minorité présidentielle, qui paraît bien prompte à renier les engagements du Président de la République au Salon de l’Agriculture.
Nous ne proposons pas, en outre, que l’État fixe unilatéralement les prix plancher : nous proposons que la conférence publique de filière (qui réunit notamment les producteurs, les transformateurs, les distributeurs et les consommateurs) discute et détermine le prix plancher. Et uniquement si elle n’y parvient pas - et pour l’inciter à y parvenir - alors le Gouvernement arrêterait les prix plancher. Cette proposition ne peut décemment être qualifiée de soviétique qu’avec la mauvaise foi déployée jusqu’ici par la minorité présidentielle sur ce sujet. C’était d’ailleurs le système prévalent dans l’UE durant les 30 premières années de la PAC, jusqu’en 1992, et il est pratiqué jusqu’aux États-Unis, pour le lait, au sein des milk marketing boards.
Le vote de la représentation nationale sur les prix plancher, il y a à peine un mois, ne saurait être bafoué. Cet engagement en faveur du revenu doit être ici réaffirmé.",non
simplification des démarches administratives,"réduire les réglementations environnementales et sanitaires. Simplifier les démarches administratives, démarches bureaucratiques chronophages qui sont des freins qui entravent le quotidien des agriculteurs",AMANR5L16PO791932BTC2600P0D1N002289,"La France occupe une place prépondérante sur la scène maritime mondiale grâce à l'immensité de sa Zone Économique Exclusive. Avec plus de 10 millions de km2, elle se classe au deuxième rang après les États-Unis.
 
Les activités de pêche maritime, malgré de multiples crises, restent un atout essentiel pour la souveraineté alimentaire de notre pays.
 
De même, nous nous distinguons en Europe en tant que leader de la production aquacole. L’aquaculture se positionne en tête des pays de l'Union Européenne en chiffre d'affaires et au deuxième rang en volume de production.
 
La conchyliculture, secteur d'excellence essentiel à l'aquaculture française, revêt une importance capitale. Ainsi, il est impératif de renforcer la formation et d'intégrer la conchyliculture dans les actions de sensibilisation aux enjeux de la souveraineté alimentaire ainsi que des transitions agroécologiques et climatiques.
 
L'ajout explicite de l'aquaculture à l'article 2 du présent projet de loi vise à intégrer la prise en considération des activités aquacoles, trop souvent reléguées au second plan. Il s’agit de mettre en lumière l'importance de ce secteur et de garantir sa reconnaissance au sein de notre politique agricole nationale.
 
En conséquence, cet amendement propose une avancée significative dans la valorisation de la pêche, de l'aquaculture et notamment de la conchyliculture en tant que piliers essentiels de notre souveraineté alimentaire et de notre transition vers une agriculture plus durable et respectueuse de l'environnement.",non
simplification des démarches administratives,"réduire les réglementations environnementales et sanitaires. Simplifier les démarches administratives, démarches bureaucratiques chronophages qui sont des freins qui entravent le quotidien des agriculteurs",AMANR5L16PO791932BTC2600P0D1N002709,"Amendement d'appel.
La viticulture française joue un rôle majeur pour la préservation de la souveraineté alimentaire de la Nation. 
Or, confrontée à un enchevêtrement de normes absurdes, aux défis du changement climatique, et à une baisse de la consommation de vin, le secteur traverse actuellement une crise sans précédent.
Cette crise est en grande partie due à la concurrence déloyale, particulièrement celle des vins étrangers, notamment ceux provenant d'Espagne.
En effet, les viticulteurs français se retrouvent en concurrence avec des vins produits en grande 
majorité à l’étranger et moins onéreux.
Ainsi, cet amendement invite le Gouvernement à apporter une réponse concrète aux revendications des viticulteurs français, afin de leur permettre de vivre décemment de leur travail et de faire face à la concurrence déloyale imposée par l'Union européenne.",oui
simplification des démarches administratives,"réduire les réglementations environnementales et sanitaires. Simplifier les démarches administratives, démarches bureaucratiques chronophages qui sont des freins qui entravent le quotidien des agriculteurs",AMANR5L16PO791932BTC2600P0D1N004504,"A de multiples reprises, pour aborder la souveraineté, mais aussi la promotion et la formations aux métiers de l’agriculture, pour traiter de transmission et installation, le texte fait référence à la prise en compte des transitions agroécologiques et climatiques. L’entreprise agricole ne peut être vue qu’au regard de ces deux dimensions.
L’économie, la gestion, les marchés, les techniques de production doivent être considérées comme essentielles et, de ce fait, mentionnées comme des préalables à la réussite des projets. 
 
L'amendement est proposé par la FNSEA.",oui
simplification des démarches administratives,"réduire les réglementations environnementales et sanitaires. Simplifier les démarches administratives, démarches bureaucratiques chronophages qui sont des freins qui entravent le quotidien des agriculteurs",AMANR5L16PO791932BTC2600P0D1N004282,"Les difficultés de maintenir un maillage vétérinaire en zones rurales reposent sur des causes complexes et multifactorielles.
 
Un rapport du CGAAER de 2019 s’inquiète avant tout de la perte de rentabilité économique de l’activité rurale d’un certain nombre de cabinets.
 
Ce rapport souligne aussi l’intérêt d'un dispositif de tuilage, de type « stages tuteurés », au bénéfice des étudiants vétérinaires dans les territoires d’élevages.
 
Aussi, cet amendement inscrit dans la loi l’organisation par les écoles vétérinaires françaises, en dernière années d’études, de stages en milieu rural comprenant des mises en situation professionnelle de soins aux animaux d'élevage, sous un régime d'autonomie supervisée par un vétérinaire (dits « stages tuteurés ») avec possibilité d’associer les collectivités territoriales, afin de favoriser l’ancrage territorial et le désir de s’installer sur ces territoires qui ont besoin de vétérinaires.
 
Cet amendement inscrit dans la loi un dispositif déjà expérimenté :
 
- Les stages « tutorés » (ou tuteurés, « tutorés » étant un anglicisme) des étudiants vétérinaires en milieu rural permettent à des étudiants des écoles vétérinaires françaises souhaitant se diriger vers une pratique rurale de bénéficier d’un stage dans une structure les préparant à cet exercice.
 
- L’objectif est une mise en autonomie progressive du futur vétérinaire, lors de sa dernière année d’études (6ème année) sur les gestes médicaux et chirurgicaux des soins aux animaux d’élevage et une immersion dans un territoire rural.
 
- 450 étudiants des écoles vétérinaires ont suivi ce dispositif depuis sa création et le succès est croissant.
 
- Les structures vétérinaires qui candidatent pour accueillir un étudiant sont en augmentation et l’offre de stages est plus importante que la demande. Ce dispositif est l’équivalent du stage en médecine générale pour les futurs médecins généralistes, au titre duquel un médecin, maître de stage, accueille un étudiant en médecine dans son cabinet pour lui enseigner la médecine de ville et partager son expérience.
 
- Pour continuer à accompagner plus d’étudiants vétérinaires vers la pratique rurale, il est proposé que d’inscrire ce dispositif, reposant jusqu’alors sur une simple note de service, dans la loi pour assurer sa pérennité et son développement, en ouvrant la possibilité d’associer les collectivités territoriales.
 
- En effet, les collectivités territoriales peuvent mettre en place des dispositifs de soutien à la médecine vétérinaire rurale. Les conseils départementaux de la Corrèze, de la Creuse, de l’Isère, de l’Yonne ont mis en place des dispositifs intéressants (liste non exhaustive).",non
simplification des démarches administratives,"réduire les réglementations environnementales et sanitaires. Simplifier les démarches administratives, démarches bureaucratiques chronophages qui sont des freins qui entravent le quotidien des agriculteurs",AMANR5L16PO791932BTC2600P0D1N004753,Le présent sous amendement vise à confier un cadre plus près à la future loi de programmation en garantissant qu'elle produise une information claire sur les objectifs en matière de formation et qu'elle assure le développement du recrutent et de l'installation des futurs agriculteurs d'ici 2035.,non
simplification des démarches administratives,"réduire les réglementations environnementales et sanitaires. Simplifier les démarches administratives, démarches bureaucratiques chronophages qui sont des freins qui entravent le quotidien des agriculteurs",AMANR5L16PO791932BTC2600P0D1N002907,"Amendement d'appel.
L'Union européenne à travers la multiplication des accords de libre-échange et l'inflation normative qui empêche nos agriculteurs de travailler, fait mourir l'agriculture française.
Ainsi, cet amendement vise à préciser que la capacité de la France à assurer son approvisionnement alimentaire ne doit en aucun cas être compromise par la concurrence déloyale permise par des accords de libre-échange.",non
simplification des démarches administratives,"réduire les réglementations environnementales et sanitaires. Simplifier les démarches administratives, démarches bureaucratiques chronophages qui sont des freins qui entravent le quotidien des agriculteurs",AMANR5L16PO791932BTC2600P0D1N005405,"Cet amendement met en lumière les spécificités de l'agriculture insulaire.
Cette dernière se caractérise par des spécificités liées à l’éloignement du continent, qui engendre des coûts plus importants pour l’approvisionnement, des contraintes logistiques ainsi qu'un accès au foncier limité.
Ainsi, le prix du gazole non routier y est environ 50 centimes plus cher qu’ailleurs. Le coût de l’approvisionnement en matériel et produits agricoles y est aussi supérieur : près de 51 euros la tonne.
Cette spécificité insulaire fait désormais l’objet d’une reconnaissance officielle, depuis son inscription dans la loi 3DS. Le présent amendement permet sa concrétisation au profit de la préservation et du renouveau de l’agriculture insulaire.
À Ouessant, Belle-Ile-en-Mer, l’île d’Yeu, l'île d’Arz et l’île de Batz : éleveurs, maraîchers, légumiers font vivre l'agriculture insulaire. A Sein et Molène, des projets sont également portés pour redévelopper l’agriculture. Historiquement, certaines de ces îles étaient davantage tournées vers la terre que vers la mer.
Il est donc nécessaire de sauvegarder l’identité et la vitalité de ces territoire insulaires à travers le soutien à leur agriculture.",non
simplification des démarches administratives,"réduire les réglementations environnementales et sanitaires. Simplifier les démarches administratives, démarches bureaucratiques chronophages qui sont des freins qui entravent le quotidien des agriculteurs",AMANR5L16PO791932BTC2600P0D1N002449,Cet amendement du groupe Socialistes et apparentés vise à préciser la composition des haies.,non
simplification des démarches administratives,"réduire les réglementations environnementales et sanitaires. Simplifier les démarches administratives, démarches bureaucratiques chronophages qui sont des freins qui entravent le quotidien des agriculteurs",AMANR5L16PO791932BTC2600P0D1N000415,"L'alinéa 27 du présent article précise l'orientation des politiques et des financements publics alimentaires. Ces orientations sont attendues dans le respect d'une part de la stratégie nationale pour l'alimentation, la nutrition et le climat mais également de la stratégie nationale pour la biodiversité. 
Cependant, il semblerait nécessaire d'inclure également la stratégie nationale bas carbone, qui définit la trajectoire de la France pour ses réductions d'émissions de gaz à effet de serre à l'horizon 2050 et lui donne des orientations afin de mettre en oeuvre la transition bas-carbone dans les grands secteurs d'activité, notamment l'agriculture. 
Tel est l'objet de cet amendement",non
simplification des démarches administratives,"réduire les réglementations environnementales et sanitaires. Simplifier les démarches administratives, démarches bureaucratiques chronophages qui sont des freins qui entravent le quotidien des agriculteurs",AMANR5L16PO791932BTC2600P0D1N002573,"Les lourdeurs administratives et le temps passé derrière un bureau et non dans l'exploitation font parti des nombreuses colères des agriculteurs. A ce titre, les remontées du terrain indiquent que les agriculteurs passeraient entre une et deux journées complètes par semaine derrière un bureau, et non dans leur exploitation. Ces derniers perdent en efficacité et se retrouvent parfois face à de grandes difficultés administratives qu'il semble important de corriger. Ces derniers attendent des simplifications administratives de toutes sortes, qui puissent leur permettre de travailler plus efficacement dans leur exploitation. Cet amendement vise donc à inscrire la simplification administrative pour les agriculteurs dans les objectifs de programmation du présent projet de loi.",oui
simplification des démarches administratives,"réduire les réglementations environnementales et sanitaires. Simplifier les démarches administratives, démarches bureaucratiques chronophages qui sont des freins qui entravent le quotidien des agriculteurs",AMANR5L16PO419610B2436P0D1N000907,"Cet amendement propose de supprimer l'article 9 car le diagnostic modulaire qui y est proposé et qui doit être déployé d'ici 2026 est mal \""ficelé\"" et pourrait avoir pour conséquence de complexifier la transmission d'exploitations plutôt de la simplifier pour la favoriser. En effet, la complexité et l'étendue des évaluations prévues dans le cadre de ce dispositif risquent d'imposer une lourdeur administrative excessive aux exploitants agricoles. En effet, la réalisation de diagnostics incluant une évaluation de la résilience face au changement climatique et une analyse approfondie des sols pourrait nécessiter des ressources considérables en termes de temps et de coûts, ce qui pourrait pénaliser les exploitations, en particulier les plus petites. Par ailleurs, la mise en œuvre de ce dispositif soulève des interrogations quant à sa faisabilité pratique, notamment en ce qui concerne l'homogénéité et la qualité des diagnostics. Compte tenu de la diversité des spécificités territoriales et des pratiques agricoles, comment élaborer des critères uniformes d'évaluation? En outre, l'obligation potentielle pour les exploitants de réaliser ces diagnostics pourrait entraîner une contrainte supplémentaire pour les bénéficiaires d'aides publiques, ce qui va à l'encontre de l'objectif de simplification administrative et de soutien à l'agriculture.",oui
simplification des démarches administratives,"réduire les réglementations environnementales et sanitaires. Simplifier les démarches administratives, démarches bureaucratiques chronophages qui sont des freins qui entravent le quotidien des agriculteurs",AMANR5L16PO419610B2436P0D1N000722,"Amendement de repli. Cet amendement vise à supprimer le module d’évaluation des principaux déterminants de la qualité et de la santé des sols des parcelles de l’exploitation qui viendrait considérablement alourdir le diagnostic modulaire institué par le présent article. De par l’étendue des évaluations qu’il propose, ce diagnostic modulaire ajoute de la complexité et une lourdeur administrative qui vont à contre-sens des objectifs de simplification et d’attractivité du métier. Le ministre de l’Agriculture s’était d’ailleurs engagé lors de la mobilisation des agriculteurs à supprimer ce module sur la qualité et la santé des sols",oui