Nom du fichier,ExposeSommaire,Unnamed: 2,Idées,Description,Listes des amendements,En faveur ,Mots recherchés ou Notes,prediction,prompt
AMANR5L16PO791932BTC2600P0D1N004433.json,"Cet amendement vise à simplifier les procédures permettant notamment l’aspersion, qui constitue dans certaines régions la méthode la plus efficace de lutte contre le gel des vignes au printemps. Or cette technique, qui consiste à asperger de façon préventive le bourgeon d’eau, avant le passage en négatif des températures, afin de créer un cocon de glace protecteur, est peu connue hors du monde viticole et est ainsi confondue avec les techniques d’irrigation. Or ce sont deux utilisations de l’eau complètement différentes, tant dans leur saisonnalité que dans leurs objectifs, les volumes d’eau nécessaires ou le taux de retour au milieu. Ainsi, l’aspersion est aujourd’hui soumise à des contraintes inadaptées, ce qui complexifie le recours à cette technique par les agriculteurs. Cet amendement permet ainsi de clarifier cette distinction, et donc de simplifier les démarches pour les agriculteurs qui voudraient recourir à ces différentes techniques, tout en encourageant une utilisation efficace et durable des ressources en eau disponibles.",,lourdeurs administratives = simplifier les procédures administratives,réduire les démarches bureaucratiques complexes et chronophages,AMANR5L16PO791932BTC2600P0D1N004433.json,OUI,Simplification administrative qui sert à lutter contre le gel sans produit ou gaz,Non,"Tu es un assistant expert en analyse sémantique et en inférence.

Ta tâche est de déterminer si un exposé sommaire d’amendement est en lien, même de manière implicite ou indirecte, avec une idée politique ou conceptuelle.

Tu dois suivre ces étapes :
1. Lire l’exposé sommaire et en donner un bref résumé.
2. Identifier les thèmes, préoccupations ou objectifs présents, même s'ils ne sont pas formulés explicitement.
3. Lire la description de l’idée et résumer les concepts clés qu’elle porte.
4. Comparer les deux et indiquer si l’idée est en lien (même implicite) avec l’exposé.

Réponds uniquement à la fin par ""Oui"" ou ""Non"".

---

Exposé sommaire :
lourdeurs administratives = simplifier les procédures administratives

---

Idée : Cet amendement vise à simplifier les procédures permettant notamment l’aspersion, qui constitue dans certaines régions la méthode la plus efficace de lutte contre le gel des vignes au printemps. Or cette technique, qui consiste à asperger de façon préventive le bourgeon d’eau, avant le passage en négatif des températures, afin de créer un cocon de glace protecteur, est peu connue hors du monde viticole et est ainsi confondue avec les techniques d’irrigation. Or ce sont deux utilisations de l’eau complètement différentes, tant dans leur saisonnalité que dans leurs objectifs, les volumes d’eau nécessaires ou le taux de retour au milieu. Ainsi, l’aspersion est aujourd’hui soumise à des contraintes inadaptées, ce qui complexifie le recours à cette technique par les agriculteurs. Cet amendement permet ainsi de clarifier cette distinction, et donc de simplifier les démarches pour les agriculteurs qui voudraient recourir à ces différentes techniques, tout en encourageant une utilisation efficace et durable des ressources en eau disponibles.

Description de l’idée :
réduire les démarches bureaucratiques complexes et chronophages

---

Analyse :
1. Résumé de l’exposé :
2. Thèmes identifiés :
3. Concepts de l’idée :
4. Comparaison sémantique :
5. L’exposé est-il en lien (même implicite) avec cette idée ?
Réponds uniquement par : 'oui' (si l'idée décrite est en lien indirect ou direct avec le contenu de l'exposé sommaire), 'non' (sinon). Ne donne aucune justification, seulement le terme demandé."
AMANR5L16PO419610B2436P0D1N002108.json,"La demande d’extension d’un accord interprofessionnel est toujours, dans la vie d’une organisation interprofessionnelle, une étape d’une portée et d’une importance particulières qui conditionnent la qualité et l’efficacité du dialogue interprofessionnel lui-même. Cette étape est trop souvent prolongée de façon injustifiée par les délais qu’imposent les autorités de tutelle dans l’exercice de leur mission de contrôle et d’examen des demandes.Ainsi la proposition de modifier l'article L632-4 du code rural et de la pêche maritime a-t-elle pour objet de réduire le délai dont dispose l'autorité compétente pour statuer sur l'extension des accords interprofessionnels.En effet, les organisations interprofessionnelles agricoles font état d’un besoin de simplifier les procédures d’instruction actuelles, qui aboutissent très régulièrement à des délais de quatre mois et à des charges administratives déraisonnables.En ramenant ce délai à un mois à compter de la réception de la demande, cette modification vise à mieux aligner les démarches administratives avec les besoins et les réalités du terrain exprimés par les organisations interprofessionnelles, tout en préservant la possibilité pour l'autorité compétente de prolonger ce délai d'un mois supplémentaire en cas de nécessité. Cette modification répond au besoin de simplification et favorise ainsi une réponse rapide aux demandes des acteurs des filières agricoles, confrontés à de nombreux défis conjoncturels, représentées au sein des organisations interprofessionnelles. Son adoption simplifiera le processus d'extension des accords interprofessionnels, contribuant ainsi à dynamiser la compétitivité des activités agricoles françaises tout en permettant de s'adapter efficacement aux évolutions du marché.",,lourdeurs administratives = simplifier les procédures administratives,réduire les démarches bureaucratiques complexes et chronophages,AMANR5L16PO419610B2436P0D1N002108.json,OUI,Je ne sais pas si c'est bien ou pas,['échec API'],"Tu es un assistant expert en analyse sémantique et en inférence.

Ta tâche est de déterminer si un exposé sommaire d’amendement est en lien, même de manière implicite ou indirecte, avec une idée politique ou conceptuelle.

Tu dois suivre ces étapes :
1. Lire l’exposé sommaire et en donner un bref résumé.
2. Identifier les thèmes, préoccupations ou objectifs présents, même s'ils ne sont pas formulés explicitement.
3. Lire la description de l’idée et résumer les concepts clés qu’elle porte.
4. Comparer les deux et indiquer si l’idée est en lien (même implicite) avec l’exposé.

Réponds uniquement à la fin par ""Oui"" ou ""Non"".

---

Exposé sommaire :
lourdeurs administratives = simplifier les procédures administratives

---

Idée : La demande d’extension d’un accord interprofessionnel est toujours, dans la vie d’une organisation interprofessionnelle, une étape d’une portée et d’une importance particulières qui conditionnent la qualité et l’efficacité du dialogue interprofessionnel lui-même. Cette étape est trop souvent prolongée de façon injustifiée par les délais qu’imposent les autorités de tutelle dans l’exercice de leur mission de contrôle et d’examen des demandes.Ainsi la proposition de modifier l'article L632-4 du code rural et de la pêche maritime a-t-elle pour objet de réduire le délai dont dispose l'autorité compétente pour statuer sur l'extension des accords interprofessionnels.En effet, les organisations interprofessionnelles agricoles font état d’un besoin de simplifier les procédures d’instruction actuelles, qui aboutissent très régulièrement à des délais de quatre mois et à des charges administratives déraisonnables.En ramenant ce délai à un mois à compter de la réception de la demande, cette modification vise à mieux aligner les démarches administratives avec les besoins et les réalités du terrain exprimés par les organisations interprofessionnelles, tout en préservant la possibilité pour l'autorité compétente de prolonger ce délai d'un mois supplémentaire en cas de nécessité. Cette modification répond au besoin de simplification et favorise ainsi une réponse rapide aux demandes des acteurs des filières agricoles, confrontés à de nombreux défis conjoncturels, représentées au sein des organisations interprofessionnelles. Son adoption simplifiera le processus d'extension des accords interprofessionnels, contribuant ainsi à dynamiser la compétitivité des activités agricoles françaises tout en permettant de s'adapter efficacement aux évolutions du marché.

Description de l’idée :
réduire les démarches bureaucratiques complexes et chronophages

---

Analyse :
1. Résumé de l’exposé :
2. Thèmes identifiés :
3. Concepts de l’idée :
4. Comparaison sémantique :
5. L’exposé est-il en lien (même implicite) avec cette idée ?
Réponds uniquement par : 'oui' (si l'idée décrite est en lien indirect ou direct avec le contenu de l'exposé sommaire), 'non' (sinon). Ne donne aucune justification, seulement le terme demandé."
